{
  "brand": {
    "name": "ChessLand",
    "tagline": "шахматы для детей - Москва",
    "domain": "chess-land.online"
  },
  "coach": {
    "name": "Давид Чурсин"
  },
  "location": {
    "city": "Москва",
    "address": "Авиационная 77к2",
    "metro": "Щукинская",
    "maps_url": "https://yandex.ru/maps/?text=%D0%9C%D0%BE%D1%81%D0%BA%D0%B2%D0%B0%2C%20%D0%90%D0%B2%D0%B8%D0%B0%D1%86%D0%B8%D0%BE%D0%BD%D0%BD%D0%B0%D1%8F%2077%D0%BA2"
  },
  "contacts": {
    "telegram_url": "https://t.me/David_Chursin",
    "whatsapp_url": "https://wa.me/79858842373",
    "phone": "+7 985 884-23-73"
  },
  "cta": {
    "primary_label": "Записаться",
    "primary_url": "https://t.me/David_Chursin",
    "secondary_label": "WhatsApp",
    "secondary_url": "https://wa.me/79858842373"
  },
  "trial": {
    "price_rub": 1500,
    "note": "Оплата только если понравилось"
  },
  "nav": [
    { "key": "home", "label": "Главная", "href": "index.html" },
    { "key": "tournaments", "label": "Турниры", "href": "tournaments.html" },
    { "key": "reviews", "label": "Отзывы", "href": "#reviews" },
    { "key": "contacts", "label": "Контакты", "href": "#contacts" }
  ]
}
